{
  "version": "1.0",
  "profile": {
    "industryId": "1",
    "sceneId": "14",
    "categoryId": "319",
    "productId": "5JmU08Mg02"
  },
  "properties": [
    {
      "identifier": "AlarmState",
      "name": "告警状态",
      "functionType": "u",
      "accessMode": "rw",
      "desc": "",
      "dataType": {
        "type": "enum",
        "specs": {
          "0": "正常",
          "1": "危险报警"
        }
      },
      "functionMode": "property",
      "required": false
    },
    {
      "identifier": "BatteryLevel",
      "name": "电池电量",
      "functionType": "u",
      "accessMode": "rw",
      "desc": "",
      "dataType": {
        "type": "int32",
        "specs": {
          "max": "100",
          "min": "0",
          "step": "",
          "unit": "百分比 / %"
        }
      },
      "functionMode": "property",
      "required": false
    },
    {
      "identifier": "GeoLocation",
      "name": "地理位置",
      "functionType": "u",
      "accessMode": "rw",
      "desc": "",
      "dataType": {
        "type": "struct",
        "specs": [
          {
            "name": "经度",
            "identifier": "Longitude",
            "dataType": {
              "type": "string",
              "specs": {
                "length": 4
              }
            }
          },
          {
            "name": "海拔",
            "identifier": "Altitude",
            "dataType": {
              "type": "double",
              "specs": {
                "max": "9999",
                "min": "0",
                "step": "0.01",
                "unit": ""
              }
            }
          },
          {
            "name": "纬度",
            "identifier": "Latitude",
            "dataType": {
              "type": "double",
              "specs": {
                "max": "90",
                "min": "-90",
                "step": "",
                "unit": ""
              }
            }
          }
        ]
      },
      "functionMode": "property",
      "required": false
    },
    {
      "identifier": "arrTest",
      "name": "数组测试",
      "functionType": "u",
      "accessMode": "rw",
      "desc": "",
      "dataType": {
        "type": "array",
        "specs": {
          "length": 3,
          "type": "date",
          "specs": {}
        }
      },
      "functionMode": "property",
      "required": false
    },
    {
      "identifier": "bitMapTest",
      "name": "位图测试2位",
      "functionType": "u",
      "accessMode": "rw",
      "desc": "",
      "dataType": {
        "type": "bitMap",
        "specs": {
          "length": 2,
          "define": [
            {
              "0": "00",
              "1": "01",
              "bit": 0
            },
            {
              "0": "10",
              "1": "11",
              "bit": 1
            }
          ]
        }
      },
      "functionMode": "property",
      "required": false
    },
    {
      "identifier": "strTest",
      "name": "字符串测试",
      "functionType": "u",
      "accessMode": "rw",
      "desc": "",
      "dataType": {
        "type": "string",
        "specs": {
          "length": 32
        }
      },
      "functionMode": "property",
      "required": false
    }
  ],
  "events": [
    {
      "identifier": "Error",
      "name": "故障上报",
      "functionType": "u",
      "eventType": "info",
      "desc": "",
      "outputData": [
        {
          "identifier": "ErrorCode",
          "name": "故障代码",
          "dataType": {
            "type": "enum",
            "specs": {
              "0": "无故障",
              "1": "故障"
            }
          }
        },
        {
          "identifier": "teststru",
          "name": "测试参数",
          "dataType": {
            "type": "struct",
            "specs": [
              {
                "name": "json1",
                "identifier": "json1",
                "dataType": {
                  "type": "string",
                  "specs": {
                    "length": 4
                  }
                }
              },
              {
                "name": "json2",
                "identifier": "json2",
                "dataType": {
                  "type": "string",
                  "specs": {
                    "length": 4
                  }
                }
              }
            ]
          }
        }
      ],
      "functionMode": "event",
      "required": false
    }
  ],
  "services": [
    {
      "identifier": "svc",
      "name": "测试服务",
      "functionType": "u",
      "desc": "",
      "callType": "sync",
      "input": [
        {
          "identifier": "cmd",
          "name": "下发命令",
          "dataType": {
            "type": "enum",
            "specs": {
              "0": "命令1",
              "1": "命令2"
            }
          }
        }
      ],
      "output": [
        {
          "identifier": "rst",
          "name": "响应结果",
          "dataType": {
            "type": "enum",
            "specs": {
              "0": "成功",
              "1": "失败"
            }
          }
        }
      ],
      "functionMode": "service",
      "required": false
    }
  ],
  "combs": []
}