{
  "$schema": "http://json-schema.org/draft-07/schema#",
  "type": "object",
  
  "fuse_metadata": {
    "original_versions": ["v1.0", "v1.2", "v2.x", "v3.0"]
  },
  
  "properties": {
    "version": {
      "type": "string",
      "fuse_compat": {
        "versions": ["v1.0", "v2.x"]
      }
    },
    "profile": {
      "type": "object",
      "properties": {
        "industryId": { "type": "string", "fuse_origin": "v1.0" },
        "stTmId": { "type": "string","fuse_origin": "v2.x" },
        "video": { "type": "number", "fuse_origin": "v3.0" },
      }
    },
    "properties": {
      "type": "array",
      "items": {
        "type": "object",
        "required": ["identifier", "name", "dataType"],
        "properties": {
          "identifier": { "type": "string" },
          "name": { "type": "string" },
          "functionType": { 
            "type": "string",
            "enum": ["u", "st"],
            "fuse_mapping": {
              "u": ["v1.0", "v1.2","v2.x"],
              "st": ["v3.0"]
            }
          },
          "dataType": {
            "type": "object",
            "properties": {
              "type": { "type": "string" },
              "specs": { 
                "oneOf": [
                  { "type": "object" },
                  { "type": "array" }
                ],
                "fuse_assert": "struct类型必须采用数组格式"
              }
            }
          }
        }
      }
    },
    "events": {},
    "services": {
      "type": "array",
      "items": {
        "properties": {
          "callType": {
            "type": "string",
            "enum": ["sync", "async", "s"],
            "fuse_normalize": {
              "s": "sync"
            }
          }
        }
      }
    }
  }
}
