{
  "properties" : [ {
    "identifier" : "AlarmState",
    "name" : "告警状态",
    "functionType" : "u",
    "accessMode" : "rw",
    "functionMode" : "property",
    "desc" : null,
    "dataType" : {
      "type" : "enum",
      "specs" : {
        "0" : "正常",
        "1" : "危险报警"
      }
    }
  }, {
    "identifier" : "BatteryLevel",
    "name" : "电池电量",
    "functionType" : "u",
    "accessMode" : "rw",
    "functionMode" : "property",
    "desc" : null,
    "dataType" : {
      "type" : "int32",
      "specs" : {
        "min" : "0",
        "max" : "100",
        "unit" : "百分比 / %",
        "step" : null
      }
    }
  }, {
    "identifier" : "GeoLocation",
    "name" : "地理位置",
    "functionType" : "u",
    "accessMode" : "rw",
    "functionMode" : "property",
    "desc" : null,
    "dataType" : {
      "type" : "struct",
      "specs" : [ {
        "identifier" : "Longitude",
        "name" : "经度",
        "dataType" : {
          "type" : "string",
          "specs" : {
            "length" : "4"
          }
        }
      }, {
        "identifier" : "Altitude",
        "name" : "海拔",
        "dataType" : {
          "type" : "double",
          "specs" : {
            "min" : "0",
            "max" : "9999",
            "unit" : "",
            "step" : "0.01"
          }
        }
      }, {
        "identifier" : "Latitude",
        "name" : "纬度",
        "dataType" : {
          "type" : "double",
          "specs" : {
            "min" : "-90",
            "max" : "90",
            "unit" : "",
            "step" : null
          }
        }
      } ]
    }
  }, {
    "identifier" : "arrTest",
    "name" : "数组测试",
    "functionType" : "u",
    "accessMode" : "rw",
    "functionMode" : "property",
    "desc" : null,
    "dataType" : {
      "type" : "array",
      "specs" : {
        "length" : 3,
        "type" : "date",
        "specs" : { }
      }
    }
  }, {
    "identifier" : "bitMapTest",
    "name" : "位图测试2位",
    "functionType" : "u",
    "accessMode" : "rw",
    "functionMode" : "property",
    "desc" : null,
    "dataType" : {
      "type" : "bitMap",
      "specs" : {
        "length" : 2,
        "define" : [ {
          "bit" : 0,
          "0" : "00",
          "1" : "01"
        }, {
          "bit" : 1,
          "0" : "10",
          "1" : "11"
        } ]
      }
    }
  }, {
    "identifier" : "strTest",
    "name" : "字符串测试",
    "functionType" : "u",
    "accessMode" : "rw",
    "functionMode" : "property",
    "desc" : null,
    "dataType" : {
      "type" : "string",
      "specs" : {
        "length" : "32"
      }
    }
  } ],
  "events" : [ {
    "identifier" : "Error",
    "name" : "故障上报",
    "desc" : null,
    "functionMode" : "event",
    "outputData" : [ {
      "identifier" : "ErrorCode",
      "name" : "故障代码",
      "dataType" : {
        "type" : "enum",
        "specs" : {
          "0" : "无故障",
          "1" : "故障"
        }
      }
    }, {
      "identifier" : "teststru",
      "name" : "测试参数",
      "dataType" : {
        "type" : "struct",
        "specs" : [ {
          "identifier" : "json1",
          "name" : "json1",
          "dataType" : {
            "type" : "string",
            "specs" : {
              "length" : "4"
            }
          }
        }, {
          "identifier" : "json2",
          "name" : "json2",
          "dataType" : {
            "type" : "string",
            "specs" : {
              "length" : "4"
            }
          }
        } ]
      }
    } ],
    "functionType" : "u",
    "eventType" : "info"
  } ],
  "services" : [ {
    "name" : "测试服务",
    "identifier" : "svc",
    "functionType" : "u",
    "functionMode" : "service",
    "desc" : null,
    "callType" : "s",
    "input" : [ {
      "identifier" : "cmd",
      "name" : "下发命令",
      "dataType" : {
        "type" : "enum",
        "specs" : {
          "0" : "命令1",
          "1" : "命令2"
        }
      }
    } ],
    "output" : [ {
      "identifier" : "rst",
      "name" : "响应结果",
      "dataType" : {
        "type" : "enum",
        "specs" : {
          "0" : "成功",
          "1" : "失败"
        }
      }
    } ]
  } ]
}